SortChem,Site,Date,Time_hr_dst,Depth_m,Distance_km,Elevation_m,Description_Treatment,Catsort,water_type,Temp_C,Cond_uS,pH,Alk_ueqL,PCO2_uatm,PCH4_uatm,CO2_uM,CH4_uM,DOC_uM,NH4_uM,PO4_uM,NO3_uM,TDN_uM,TDP_uM,PC_ugL,PN_ugL,PP_uM,Ca_uM,Mg_uM,Na_uM,K_uM,Si_uM,SO4_uM,Cl_uM,Oxygen_mgL,Chla_ugL,Phaeopigment_ugL,Chla_Raw_ugL,secchi_m,Thaw_depth_cm,5cm_Soil_tempC,10cm_Soil_tempC,Well_height_cm,Discharge_Lsec,Stage_cm
2011-0017,TW Weir Snow A,15-May-11,16:00,0.1,.,.,.,LTER-LW,PS,.,.,.,.,.,.,.,.,56,.,.,.,5.13,.,.,.,.,.,.,.,.,.,.,.,.,.,.,.,.,.,.,.,.,.,.
2011-0018,TW Weir Snow B,15-May-11,16:00,0.1,.,.,.,LTER-LW,PS,.,.,.,.,.,.,.,.,50,.,.,.,5.01,.,.,.,.,.,.,.,.,.,.,.,.,.,.,.,.,.,.,.,.,.,.
2011-0019,LTER non-acidic plot Snow A,15-May-11,16:30,0.1,.,.,.,LTER-LW,PS,.,.,.,.,.,.,.,.,54,.,.,.,3.46,.,.,.,.,.,.,.,.,.,.,.,.,.,.,.,.,.,.,.,.,.,.
2011-0020,LTER non-acidic plot Snow B,15-May-11,16:30,0.1,.,.,.,LTER-LW,PS,.,.,.,.,.,.,.,.,54,.,.,.,3.67,.,.,.,.,.,.,.,.,.,.,.,.,.,.,.,.,.,.,.,.,.,.
2011-0042,Toolik Inlet,20-May-11,19:30,0.01,.,719,Toolik Inlet Initial R1,LTER-LW,ST,0.1,48.1,5.3,333,.,.,.,.,995,0.519,0.104,0.868,24.3,.,857,140,1.7,181.4,44.2,5.9,30.2,20.1,.,.,.,.,.,.,.,.,.,.,.,4500,.
2011-0064,Toolik inlet,21-May-11,17:08,0.01,.,719,.,LTER-LW,ST,0.1,56.4,5.9,.,.,.,.,.,1019,.,.,.,22.8,.,.,.,.,231.8,53.1,8.3,24.5,27.9,.,.,.,.,.,.,.,.,.,.,.,13500,.
2011-0065,Toolik inlet,22-May-11,19:40,0.01,.,719,.,LTER-LW,ST,0.3,36,6,.,.,.,.,.,1089,.,.,.,24,.,.,.,.,144.2,33.8,4.9,21.2,17.7,.,.,.,.,.,.,.,.,.,.,.,.,95.1
2011-0078,Toolik Inlet,23-May-11,20:07,0.01,.,719,Toolik Inlet initial R1,LTER-LW,ST,0.3,33.4,5.86,.,.,.,.,.,917,.,.,.,20.5,.,.,.,.,.,.,.,.,.,.,.,.,.,.,.,.,.,.,.,.,22500,98.8
2011-0081,Toolik Inlet,24-May-11,18:01,0.01,.,719,.,LTER-LW,ST,1.5,35.7,5.87,297,.,.,.,.,803,1.05,0.0182,0.958,20,.,859,112,1.4,146.6,32.2,4.6,13.4,17.7,.,.,.,.,.,.,.,.,.,.,.,.,82.3
2011-0090,Toolik Inlet,25-May-11,14:30,0.01,.,719,.,LTER-LW,ST,2.4,35.2,6.75,.,.,.,.,.,731,.,.,.,18.5,.,.,.,.,143.5,31.3,4.4,11.6,17.9,.,.,.,.,.,.,.,.,.,.,.,.,75.3
2011-0091,Toolik Inlet,26-May-11,19:55,0.01,.,719,.,LTER-LW,ST,3.1,36.3,6.18,.,.,.,.,.,676,.,.,.,17,.,.,.,.,149.3,32.4,4.6,9.96,19.5,.,.,.,.,.,.,.,.,.,.,.,.,69.8
2011-0226,I7 into I9,17-Jun-11,11:05,0.01,.,728,.,LTER-LW,ST,11.2,45.2,7.35,407,.,.,.,.,530,0.343,0.0164,0.232,12.1,.,156,21.2,.,319.9,56.2,23,9.71,23.5,.,.,.,0.3,0.2,0.3,.,.,.,.,.,.,.
2011-0227,I8 into I9,17-Jun-11,11:05,0.01,.,728,.,LTER-LW,ST,10.7,57.7,7.73,496,.,.,.,.,374,0.228,0.0244,1.08,10.6,.,185,11.6,.,248.5,51.6,12.5,6.85,5.5,.,.,.,1,0.6,1.2,.,.,.,.,.,.,.
2011-0228,Milkyway Lower,17-Jun-11,11:50,0.01,.,725,.,LTER-LW,ST,6.6,168.2,8.02,1600,.,.,.,.,394,0.261,0.0301,4.12,11,.,84,36.2,.,2777,247.3,64.8,3.44,81.2,.,.,.,0.3,0.2,0.3,.,.,.,.,.,.,.
2011-0229,Toolik Inlet,17-Jun-11,9:59,0.01,.,719,.,LTER-LW,ST,9.8,72.9,7.53,644,.,.,.,.,396,0.244,0.0211,1.59,10.5,.,119,38.5,0,313.9,61.9,18.7,6.37,13.5,.,.,.,0.4,0.2,0.4,.,.,.,.,.,.,43.6
2011-0247,I7 into I9,1-Jul-11,12:00,0.01,.,728,.,LTER-LW,ST,11.7,54.7,7.08,517,.,.,.,.,497,0.449,0.0253,0.446,14,.,165,7.48,.,247.4,47.8,12.2,6.79,16,.,.,.,0.3,0.2,0.3,.,.,.,.,.,.,28.5
2011-0248,I8 into I9,1-Jul-11,12:30,0.01,.,728,.,LTER-LW,ST,11.4,69.1,7.47,752,.,.,.,.,369,0.236,0.0167,2.17,10.7,.,153,10.8,.,302.6,62.8,13.6,5.93,5.5,.,.,.,0.7,0.4,0.9,.,.,.,.,.,.,15
2011-0249,Milkyway Lower,1-Jul-11,13:01,0.01,.,725,.,LTER-LW,ST,5.4,183,8.06,1771,.,.,.,.,372,0.321,0.0256,5.9,12,.,81,32.9,.,885.4,131.6,31.2,3.66,43.8,.,.,.,0.2,0.2,0.3,.,.,.,.,.,.,.
2011-0250,Toolik Inlet,1-Jul-11,13:30,0.01,.,719,.,LTER-LW,ST,9.9,86.8,7.56,796,.,.,.,.,338,0.214,0.0148,2.9,10.6,.,153,8.11,0.1,830.4,133.3,32.6,5.52,24.3,.,.,.,0.9,0.4,1,.,.,.,.,.,.,42.7
2011-0260,I7 into I9,8-Jul-11,11:45,0.01,.,728,.,LTER-LW,ST,15.1,60.9,7.26,557,.,.,.,.,409,0.446,0.0227,0.658,15.2,.,169,11.5,.,267.1,51,17.1,6.42,16.2,.,.,.,0.3,0.2,0.4,.,.,.,.,.,.,26
2011-0261,I8 into I9,8-Jul-11,12:05,0.01,.,728,.,LTER-LW,ST,16.4,74.6,7.53,640,.,.,.,.,301,0.16,0.0172,2.23,11.5,.,201,26.8,.,.,177.2,39.1,6.06,17,.,.,.,0.9,0.5,1.1,.,.,.,.,.,.,16
2011-0262,Milkyway Lower,8-Jul-11,12:40,0.01,.,725,.,LTER-LW,ST,9.7,181.7,8,1760,.,.,.,.,334,0.217,0.0413,5.06,14.2,.,161,40.7,.,3715,305.1,86.5,2.67,103.6,.,.,.,0.4,0.2,0.5,.,.,.,.,.,.,.
2011-0263,Toolik Inlet,8-Jul-11,13:05,0.01,.,719,.,LTER-LW,ST,15.8,94.9,7.41,842,.,.,.,.,244,0.26,0.0202,3.84,11.1,.,157,11.4,0,559.8,109.8,26.2,8.26,21.5,.,.,.,0.8,0.4,0.9,.,.,.,.,.,.,42.1
2011-0281,I7 into I9,22-Jul-11,11:15,0.01,.,728,.,LTER-LW,ST,12.5,70.7,7.01,673,.,.,.,.,415,0.287,0.0251,0.187,14,.,231,16.9,.,312.7,57.6,17.8,6.35,19.6,.,.,.,0.4,0.3,0.5,.,.,.,.,.,.,29
2011-0282,I8 into I9,22-Jul-11,11:35,0.01,.,728,.,LTER-LW,ST,13.6,85.3,7.76,740,.,.,.,.,321,0.167,0.026,0.455,10.5,.,263,24.8,.,365.9,76.5,17,5.53,9.5,.,.,.,1.3,0.6,1.4,.,.,.,.,.,.,21
2011-0283,Milkyway Lower,22-Jul-11,12:15,0.01,.,725,.,LTER-LW,ST,5.8,186.4,8.1,1830,.,.,.,.,315,0.194,0.0519,7.35,16.9,.,111,14.8,.,3295,207.2,57.8,3.63,78.5,.,.,.,0.1,0.1,0.2,.,.,.,.,.,.,.
2011-0284,Toolik Inlet,22-Jul-11,13:25,0.01,.,719,.,LTER-LW,ST,13.7,97.3,7.52,852,.,.,.,.,451,0.228,0.0274,1.58,10.5,.,193,20.4,0.1,991.4,155.4,40.1,6.2,29.5,.,.,.,0.9,0.4,1,.,.,.,.,.,.,45.4
2011-0294,I7 into I9,29-Jul-11,11:40,0.01,.,728,.,LTER-LW,ST,13.8,75.5,6.59,740,.,.,.,.,419,0.436,0.0439,0.261,14.9,.,202,13.6,.,335.4,61,17.4,6.08,22.4,.,.,.,0.3,0.3,0.4,.,.,.,.,.,.,26
2011-0295,I8 into I9,29-Jul-11,12:00,0.01,.,728,.,LTER-LW,ST,15.4,93.4,7.82,841,.,.,.,.,307,0.296,0.0362,2.01,10.7,.,192,18.6,.,.,152.1,40.3,4.39,21.3,.,.,.,0.9,0.6,1.1,.,.,.,.,.,.,18
2011-0296,Milkyway Lower,29-Jul-11,12:30,0.01,.,725,.,LTER-LW,ST,9.7,192.4,8.18,1931,.,.,.,.,334,0.312,0.0377,8.05,16.3,.,135,62.1,.,3343,203.4,68,3.02,78.1,.,.,.,0.3,0.2,0.4,.,.,.,.,.,.,.
2011-0297,Toolik Inlet,29-Jul-11,13:05,0.01,.,719,.,LTER-LW,ST,14.6,106.9,7.86,987,.,.,.,.,246,0.321,0.0368,3.13,13.5,.,136,17.1,0.1,714.7,143.5,33.1,8.72,30.3,.,.,.,0.7,0.4,0.8,.,.,.,.,.,.,42.4
2011-0307,I7 into I9,5-Aug-11,11:40,0.01,.,728,.,LTER-LW,ST,12.2,81.3,7.17,780,.,.,.,.,392,0.409,0.0323,0.185,13.1,.,221,23.2,.,358.2,63.9,25.9,5.63,27.4,.,.,.,0.3,0.2,0.4,.,.,.,.,.,.,28
2011-0308,I8 into I9,5-Aug-11,11:55,0.01,.,728,.,LTER-LW,ST,14,99.1,7.82,892,.,.,.,.,320,0.258,0.0272,1.57,10.5,.,222,30.2,.,425.3,89.9,17.9,5.09,14.1,.,.,.,1.1,0.6,1.4,.,.,.,.,.,.,19
2011-0309,Milkyway Lower,5-Aug-11,12:40,0.01,.,725,.,LTER-LW,ST,7.9,194.8,8.17,1958,.,.,.,.,316,0.234,0.0369,10.3,17,.,154,50.3,.,3396,235.7,76.4,3.77,96.3,.,.,.,0.5,0.3,0.5,.,.,.,.,.,.,.
2011-0310,Toolik Inlet,5-Aug-11,13:10,0.01,.,719,.,LTER-LW,ST,12.8,109.9,7.5,1016,.,.,.,.,292,0.277,0.0673,2.82,13.1,.,209,18.9,0.1,.,164.9,42.8,5.75,39,.,.,.,0.5,0.4,0.7,.,.,.,.,.,.,43.9
2011-0311,TW Weir,5-Aug-11,13:50,0.01,.,761,.,LTER-LW,ST,6.5,10.6,4.9,.,.,.,.,.,.,.,.,.,.,.,.,.,.,.,.,.,.,.,.,.,.,.,.,.,.,.,.,.,.,.,.
2011-0351,TW 01,25-Jul-11,10:32,0.1,.,757,.,LTER-LW,GW,.,16.8,5.18,73,.,.,.,.,448,0.737,0.092,0.185,16.7,.,.,.,.,37.2,17.4,3.9,0.128,99.1,.,.,.,.,.,.,.,31.3,4.2,2.6,0,.,.
2011-0352,TW 02,25-Jul-11,10:25,0.1,.,757,.,LTER-LW,GW,.,13.7,5.33,89,.,.,.,.,408,0.732,0.434,0.405,16.5,.,.,.,.,26,14,5.5,0.375,45.3,.,.,.,.,.,.,.,31.3,4.7,3.8,0,.,.
2011-0353,TW 03,25-Jul-11,10:23,0.1,.,770,.,LTER-LW,GW,.,24.5,5.52,33,11914,2.6,671,0.00531,830,0.784,0.196,0.841,24.1,.,.,.,.,25.8,13.9,5.2,0.272,45.2,.,.,.,.,.,.,.,31.7,3.2,2.2,0,.,.
2011-0354,TW 04,25-Jul-11,11:07,0.1,.,770,.,LTER-LW,GW,.,22.3,5.1,35,13111,3.3,759,0.00678,876,0.672,0.219,0.402,25.5,.,.,.,.,28.2,16.6,3.1,0.417,67.4,.,.,.,.,.,.,.,35.3,3.5,1.3,2,.,.
2011-0355,TW 05,25-Jul-11,11:19,0.1,.,769,.,LTER-LW,GW,.,11.9,5.23,55,30143,0.4,1601,0.000708,666,0.889,0.128,2.85,28.6,.,.,.,.,33.1,16.5,1.9,0.334,93.7,.,.,.,.,.,.,.,29.7,4.4,2.5,2.2,.,.
2011-0356,TW 06,25-Jul-11,11:23,0.1,.,769,.,LTER-LW,GW,.,18.8,5.11,34,24165,22.6,1420,0.0469,717,1.51,0.138,0.0109,24,.,.,.,.,23.1,13.5,2.5,0.572,81.2,.,.,.,.,.,.,.,26,4.5,1.8,25,.,.
2011-0357,TW 07,25-Jul-11,12:04,0.1,.,770,.,LTER-LW,GW,.,27.5,5.86,16,8344,676.5,445,1.31,954,0.433,0.0989,0.0306,26,.,.,.,.,11.7,9.4,1,0.297,73.6,.,.,.,.,.,.,.,27.3,5.7,3.8,31,.,.
2011-0358,TW 08,25-Jul-11,12:10,0.1,.,770,.,LTER-LW,GW,.,17.2,5.15,55,41488,1364,2145,2.58,800,1.28,0.214,0.0139,29.7,.,.,.,.,30.5,15.9,3.6,0.529,89.5,.,.,.,.,.,.,.,30,5.8,3.8,8,.,.
2011-0359,TW 09,25-Jul-11,13:33,0.1,.,764,.,LTER-LW,GW,.,17.1,5.3,57,25292,3.4,1220,0.00612,477,0.28,0.0576,1.36,13.9,.,.,.,.,29.3,17,6.3,1.35,66,.,.,.,.,.,.,.,38.7,5.1,2.1,0,.,.
2011-0360,TW 10,25-Jul-11,13:48,0.1,.,764,.,LTER-LW,GW,.,.,.,67,.,.,.,.,497,0.686,0.241,2.3,21.6,.,.,.,.,.,.,.,.,.,.,.,.,.,.,.,.,37.3,7.5,3.6,0,.,.
2011-0361,TW 11,25-Jul-11,13:07,0.1,.,760,.,LTER-LW,GW,.,56.5,5.61,90,40349,5415,2121,10.4,1216,0.526,0.28,0.0524,27.5,.,.,.,.,40.9,20,4.7,0.583,84,.,.,.,.,.,.,.,31.7,5.5,3.7,19,.,.
2011-0362,TW 12,25-Jul-11,13:37,0.1,.,760,.,LTER-LW,GW,.,52.9,5.64,41,27169,7328,1341,13.4,1212,0.748,0.134,0.025,25.8,.,.,.,.,37.2,19.1,3.8,0.307,82.1,.,.,.,.,.,.,.,31.3,6.5,4.5,22.5,.,.
2011-0363,TW 13,25-Jul-11,14:10,0.1,.,759,.,LTER-LW,GW,.,27.3,5.47,62,41794,6254,1921,10.8,609,1.33,0.179,0.0237,23.8,.,.,.,.,35.6,11.7,3.2,1.44,104.2,.,.,.,.,.,.,.,27.7,9.6,5.5,9,.,.
2011-0364,TW 14,25-Jul-11,14:15,0.1,.,758,.,LTER-LW,GW,.,15.3,5.22,43,30401,855.9,1443,1.52,745,0.377,0.0607,0.0137,22.3,.,.,.,.,34.3,16.8,3.6,0.251,101.7,.,.,.,.,.,.,.,39,5.9,4.6,0,.,.
2011-0366,I8 Headwater,21-Jun-11,9:30,0.01,.,808,.,LTER-LW,ST,7.3,138.5,7.43,.,.,.,.,.,299,0.385,0.0244,.,34.6,.,154,12,.,592,133,22.3,5.19,28.1,.,.,.,0.1,0.1,0.2,.,.,.,.,.,.,24
2011-0367,I2 Outlet,21-Jun-11,10:02,0.01,.,785,.,LTER-LW,ST,10.6,29,6.99,230,.,.,.,.,539,0.317,0.0547,0.647,18.3,.,354,79,.,399.6,60,19.3,4.78,35.3,.,.,.,2,0.6,2.1,.,.,.,.,.,.,.
2011-0368,I1 Outlet,21-Jun-11,10:40,0.01,.,785,.,LTER-LW,ST,10.6,30.7,7.12,275,.,.,.,.,419,0.382,0.0377,0.0582,16.4,.,430,49.6,.,412.3,54.4,16.8,5.65,24.8,.,.,.,3,0.8,3.1,.,.,.,.,.,.,.
2011-0369,I1 into I3,21-Jun-11,11:10,0.01,.,774,.,LTER-LW,ST,11,30.2,7.14,273,.,.,.,.,397,0.373,0.017,0.138,11.5,.,332,30.6,.,160.6,46.5,10.1,9.93,18,.,.,.,1.8,0.5,1.9,.,.,.,.,.,.,.
2011-0370,I2 into I3,21-Jun-11,11:25,0.01,.,774,.,LTER-LW,ST,13.3,25.3,6.45,221,.,.,.,.,521,0.441,0.0162,0.235,15,.,614,52.2,.,94.3,35.6,8.1,3.78,9.5,.,.,.,0.5,0.5,0.7,.,.,.,.,.,.,.
2011-0371,I3 Outlet,21-Jun-11,13:04,0.01,.,774,.,LTER-LW,ST,15.3,27.1,7.17,244,.,.,.,.,500,0.236,0.037,0.0409,17.3,.,574,61.4,.,107.3,34.1,7.3,7.8,7.3,.,.,.,1,0.5,1.1,.,.,.,.,.,.,.
2011-0372,I4 Outlet,21-Jun-11,13:30,0.01,.,770,.,LTER-LW,ST,14.8,22.2,7.25,181,.,.,.,.,441,0.148,0.0659,0.0506,12.9,.,826,77.4,.,381.8,43.6,18.5,5.08,20,.,.,.,3,1.1,3.2,.,.,.,.,.,.,29
2011-0373,I4 into I5,21-Jun-11,14:00,0.01,.,770,.,LTER-LW,ST,13.5,23.3,6.64,190,.,.,.,.,424,0.982,0.0198,0.51,12.6,.,205,19.2,.,393.1,45.4,15.2,6.3,28.8,.,.,.,0.3,0.2,0.4,.,.,.,.,.,.,.
2011-0374,I5 Outlet,21-Jun-11,14:50,0.01,.,767,.,LTER-LW,ST,11.6,25.8,7.22,209,.,.,.,.,517,0.241,0.0324,0.019,16.8,.,478,57.8,.,373.8,54.1,15.2,7.61,34.3,.,.,.,2.7,0.8,2.9,.,.,.,.,.,.,11
2011-0375,I6 Headwater Lake Inlet,21-Jun-11,15:50,0.01,.,808,.,LTER-LW,ST,8.6,65.5,6.74,623,.,.,.,.,296,0.228,0.02,0.0122,11.1,.,421,39.3,.,288.4,50.2,11.1,0.81,29,.,.,.,0.7,0,0.7,.,.,.,.,.,.,.
2011-0376,I6 Headwater Lake Outlet,21-Jun-11,16:30,0.01,.,808,.,LTER-LW,ST,12.2,100.2,7.67,968,.,.,.,.,387,0.191,0.0258,0.0394,12,.,429,47.3,.,455,70.1,12.3,6.84,38.2,.,.,.,1.1,0.3,1.2,.,.,.,.,.,.,.
2011-0377,I5 into I6,22-Jun-11,9:00,0.01,.,754,.,LTER-LW,ST,11.4,27.6,6.75,248,.,.,.,.,486,0.792,0.054,0.514,17.3,.,391,35,.,295,89,22,14.4,48.8,.,.,.,0.4,0.3,0.5,.,.,.,.,.,.,51
2011-0378,I6 Inlet West,22-Jun-11,9:50,0.01,.,754,.,LTER-LW,ST,11.4,118.8,7.39,543,.,.,.,.,350,0.554,0.0423,5.95,18.8,.,211,21.3,.,773.9,93.8,19.5,1.95,34.9,.,.,.,0.3,0.2,0.4,.,.,.,.,.,.,.
2011-0379,I6 Outlet,22-Jun-11,10:20,0.01,.,754,.,LTER-LW,ST,12.4,38.9,7.23,347,.,.,.,.,465,0.401,0.0281,0.0835,15.5,.,360,44.9,.,230.1,52.1,11.7,10.7,27.3,.,.,.,1.9,0.6,2.1,.,.,.,.,.,.,41
2011-0380,I7 Outlet,22-Jun-11,10:55,0.01,.,742,.,LTER-LW,ST,14,38,7.45,1175,.,.,.,.,480,0.284,0.0464,0.106,16.1,.,282,35.2,.,159.6,36,8.1,8.39,16.2,.,.,.,1,0.5,1.1,.,.,.,.,.,.,27.5
2011-0381,I8 Inlet,22-Jun-11,11:35,0.01,.,744,.,LTER-LW,ST,13.4,140.4,8.06,1296,.,.,.,.,294,0.17,0.0362,2.64,12.8,.,337,49,.,606.9,128,24.2,5.16,4.1,.,.,.,2.6,0.7,2.7,.,.,.,.,.,.,.
2011-0382,I8 Outlet,22-Jun-11,14:30,0.01,.,744,.,LTER-LW,ST,14.3,55.8,7.95,468,.,.,.,.,350,0.17,0.0312,0.0205,13,.,452,62.2,.,488.2,85.3,22.2,8.88,20.6,.,.,.,2,0.8,2.2,.,.,.,.,.,.,34
2011-0383,I Swamp Inlet,22-Jun-11,13:30,0.01,.,736,.,LTER-LW,ST,13.4,55,7.15,510,.,.,.,.,386,0.308,0.0221,1.94,15.3,.,184,18.9,.,465.7,88.1,18.7,15.1,29.5,.,.,.,0.5,0.3,0.6,.,.,.,.,.,.,.
2011-0384,I Swamp Outlet,22-Jun-11,14:00,0.01,.,736,.,LTER-LW,ST,14.4,47.8,6.85,423,.,.,.,.,427,0.173,0.0238,0.233,12,.,265,64.1,.,287,59.3,19.1,10.8,19.9,.,.,.,1,0.4,1.2,.,.,.,.,.,.,.
2011-0385,I7 into I9,22-Jun-11,15:15,0.01,.,728,.,LTER-LW,ST,15.7,49.3,7.46,452,.,.,.,.,414,0.4,0.0187,0.473,12.9,.,107,14.7,.,205.9,41.7,13.2,7.33,15.2,.,.,.,0.2,0.2,0.3,.,.,.,.,.,.,28
2011-0386,I8 into I9,22-Jun-11,15:51,0.01,.,728,.,LTER-LW,ST,16.2,63.2,7.73,610,.,.,.,.,271,0.215,0.0184,2.71,13.4,.,143,17.6,.,266.8,54.4,13,7.98,4,.,.,.,0.8,0.4,0.9,.,.,.,.,.,.,15
2011-0387,Milkyway Lower,22-Jun-11,16:45,0.01,.,725,.,LTER-LW,ST,10.1,183.4,8.03,1744,.,.,.,.,278,0.464,0.032,3.57,12,.,605,51.9,.,840,125.9,30,4.4,36.5,.,.,.,1.9,0.7,2.1,.,.,.,.,.,.,.
2011-0388,Milkyway Upper,22-Jun-11,16:15,0.01,.,739,.,LTER-LW,ST,12.4,74.2,7.47,334,.,.,.,.,326,0.294,0.0923,0.602,10.3,.,323,26.6,.,297.3,71.8,23.9,2.89,35,.,.,.,0.2,0.2,0.3,.,.,.,.,.,.,.
2011-0389,Toolik Inlet,22-Jun-11,17:26,0.01,.,719,.,LTER-LW,ST,13.3,82.5,7.88,654,.,.,.,.,271,0.263,0.019,2.35,11.2,.,127,16.8,0,355,71,17.5,6.48,11.5,.,.,.,0.5,0.2,0.6,.,.,.,.,.,.,42.4
2011-0390,I8 Headwater,12-Jul-11,9:03,0.01,.,808,.,LTER-LW,ST,8.9,194.1,7.52,1798,.,.,.,.,321,0.374,0.0162,10.5,21.6,.,225,30.6,.,850.2,190.6,33,6.5,37.6,.,.,.,0.8,0.3,0.9,.,.,.,.,.,.,22
2011-0391,I2 Outlet,12-Jul-11,10:33,0.01,.,785,.,LTER-LW,ST,14.3,27.9,6.75,213,.,.,.,.,528,0.137,0.00987,0.122,16.8,.,484,69.9,.,99.5,38.2,13.1,10.3,14.9,.,.,.,1,0.6,1.2,.,.,.,.,.,.,.
2011-0392,I1 Outlet,12-Jul-11,11:13,0.01,.,785,.,LTER-LW,ST,12.8,31.1,7.31,251,.,.,.,.,430,0.127,0.00767,0.127,17.2,.,831,201,.,121.2,35.4,10.2,8.73,12.1,.,.,.,0.3,0.3,0.5,.,.,.,.,.,.,.
2011-0393,I1 into I3,12-Jul-11,11:33,0.01,.,774,.,LTER-LW,ST,11.9,33.1,6.87,285,.,.,.,.,399,0.275,0.0177,0.454,14.4,.,2238,270,.,126.8,37,9.1,7.81,12.4,.,.,.,0.5,1.6,1.2,.,.,.,.,.,.,.
2011-0394,I2 into I3,12-Jul-11,11:53,0.01,.,774,.,LTER-LW,ST,11.9,32.3,6.37,261,.,.,.,.,638,0.123,0.0319,0.0955,18.7,.,3297,380,.,121.7,45.4,7.3,5.03,19.8,.,.,.,1.2,2.3,2.2,.,.,.,.,.,.,.
2011-0395,I3 Outlet,12-Jul-11,13:01,0.01,.,774,.,LTER-LW,ST,13.5,32.3,7.06,244,.,.,.,.,631,0.19,0.0209,0.187,23.3,.,825,95.9,.,125.2,40.7,7.8,7.91,12.3,.,.,.,1.1,1,1.5,.,.,.,.,.,.,.
2011-0396,I4 Outlet,12-Jul-11,13:29,0.01,.,770,.,LTER-LW,ST,12.8,21.2,5.93,183,.,.,.,.,504,0.07,0.072,0.111,16.4,.,.,.,.,80.4,28.2,5.7,6.11,3.9,.,.,.,.,.,.,.,.,.,.,.,.,.
2011-0397,I4 into I5,12-Jul-11,14:17,0.01,.,770,.,LTER-LW,ST,13.5,29,6.66,234,.,.,.,.,421,0.454,0.0211,0.222,17.2,.,788,88.1,.,102.2,32.1,6.1,5.63,13.3,.,.,.,0.2,0.2,0.3,.,.,.,.,.,.,.
2011-0398,I5 Outlet,12-Jul-11,14:54,0.01,.,767,.,LTER-LW,ST,15.7,25.5,7.14,212,.,.,.,.,495,0.228,0.00743,0.0597,14.8,.,283,44.1,.,96.7,30.5,6.9,7.28,13.1,.,.,.,1,0.4,1.1,.,.,.,.,.,.,.
2011-0399,I6 Headwater Lake Inlet,12-Jul-11,15:39,0.01,.,808,.,LTER-LW,ST,5.9,146.6,6.48,1109,.,.,.,.,445,0.188,0.0321,0.129,16,.,340,41.6,.,511.9,83.7,13.7,0.364,45,.,.,.,0.1,0.1,0.1,.,.,.,.,.,.,.
2011-0400,I6 Headwater Lake Outlet,12-Jul-11,16:14,0.01,.,808,.,LTER-LW,ST,15.8,100.1,7.42,971,.,.,.,.,358,0.068,0.0184,0.0336,11.3,.,326,114,.,462.1,71.5,12.2,6.63,35.6,.,.,.,0.5,0.2,0.5,.,.,.,.,.,.,.
2011-0401,I5 into I6,13-Jul-11,10:52,0.01,.,754,.,LTER-LW,ST,11.9,33.7,6.51,305,.,.,.,.,478,0.305,0.0346,0.177,15.3,.,.,.,.,133.3,39.5,8.4,6.95,14.2,.,.,.,4.7,5.6,7,.,.,.,.,.,.,45
2011-0403,I6 Outlet,13-Jul-11,11:32,0.01,.,754,.,LTER-LW,ST,14.8,40.9,7.25,342,.,.,.,.,450,0.143,0.00718,0.115,12.8,.,238,21.5,.,169.5,38.3,7.7,7.38,16.4,.,.,.,0.9,0.5,1.1,.,.,.,.,.,.,37
2011-0404,I7 Outlet,13-Jul-11,12:06,0.01,.,742,.,LTER-LW,ST,14.6,43.2,7.48,382,.,.,.,.,439,0.237,0.0167,0.135,14.9,.,251,24,.,185.3,39.8,8.2,7.55,15.9,.,.,.,0.7,0.3,0.8,.,.,.,.,.,.,.
2011-0405,I8 Inlet,13-Jul-11,12:36,0.01,.,744,.,LTER-LW,ST,10.6,164.7,7.95,1541,.,.,.,.,283,0.133,0.013,4.58,13.4,.,375,25.9,.,718.8,150.9,29.6,4.66,21.4,.,.,.,2.2,1,2.5,.,.,.,.,.,.,15
2011-0406,I8 Outlet,13-Jul-11,14:07,0.01,.,744,.,LTER-LW,ST,15.4,73.3,7.9,645,.,.,.,.,326,0.154,0.00816,0.154,11.9,.,334,36.7,.,311.4,65.2,13,5.97,9.2,.,.,.,1.6,0.8,1.9,.,.,.,.,.,.,32
2011-0407,I Swamp Inlet,13-Jul-11,13:08,0.01,.,736,.,LTER-LW,ST,11.4,76.2,7.35,727,.,.,.,.,340,0.194,0.0174,2.78,11.9,.,156,10.1,.,340.2,60.4,12.2,6.53,19.2,.,.,.,0.6,0.5,0.8,.,.,.,.,.,.,.
2011-0408,I Swamp Outlet,13-Jul-11,13:38,0.01,.,736,.,LTER-LW,ST,15.5,59.8,7.38,547,.,.,.,.,392,0.157,0.00743,0.0731,13.2,.,324,28.5,.,254.9,49.2,18.6,7.16,13.2,.,.,.,1.2,0.5,1.3,.,.,.,.,.,.,.
2011-0409,I7 into I9,13-Jul-11,14:45,0.01,.,728,.,LTER-LW,ST,13.8,65.3,7.23,611,.,.,.,.,399,0.212,0.0407,0.435,11.7,.,1082,79.1,.,284,53.8,17.9,6.84,17.1,.,.,.,2.8,2.1,3.6,.,.,.,.,.,.,26
2011-0410,I8 into I9,13-Jul-11,14:56,0.01,.,728,.,LTER-LW,ST,13.8,78.4,7.83,690,.,.,.,.,259,0.101,0.0123,3.91,13,.,201,9.5,.,331.9,69.7,14.4,5.89,8.2,.,.,.,0.5,0.4,0.7,.,.,.,.,.,.,14
2011-0411,Milkyway Lower,13-Jul-11,15:45,0.01,.,725,.,LTER-LW,ST,7.7,184.9,8.16,1799,.,.,.,.,265,0.207,0.0534,5.78,13.5,.,544,65.4,.,862.5,128.3,29.7,4.01,39.8,.,.,.,1.7,0.7,1.8,.,.,.,.,.,.,.
2011-0412,Milkyway Upper,13-Jul-11,15:18,0.01,.,739,.,LTER-LW,ST,9.4,77.6,7.66,682,.,.,.,.,342,0.279,0.0297,1.28,11.9,.,1676,171,.,324.1,77.8,24,2.83,46.2,.,.,.,0.6,0.6,0.8,.,.,.,.,.,.,.
2011-0413,Toolik Inlet,13-Jul-11,15:45,0.01,.,719,.,LTER-LW,ST,12,100.1,7.5,905,.,.,.,.,239,0.092,0.0139,5.07,12.4,.,175,48.9,0.1,434.1,86.8,19.6,5.78,19.9,.,.,.,0.7,0.3,0.8,.,.,.,.,.,.,.
2011-0414,I8 Headwater,9-Aug-11,9:19,0.01,.,808,.,LTER-LW,ST,4.1,165.5,7.15,1520,.,.,.,.,373,0.405,0.0383,6.84,19.2,.,213,81.1,.,716.9,156.3,29,5.58,47.2,.,.,.,.,.,.,.,.,.,.,.,.,26
2011-0415,I2 Outlet,9-Aug-11,10:00,0.01,.,785,.,LTER-LW,ST,11.2,27.7,6.82,240,.,.,.,.,504,0.121,0.0196,0.025,13.2,.,373,48.5,.,100.2,38.9,7.5,8.13,14.2,.,.,.,1,0.4,1.1,.,.,.,.,.,.,.
2011-0416,I1 Outlet,9-Aug-11,10:34,0.01,.,785,.,LTER-LW,ST,9,31.3,6.92,292,.,.,.,.,404,0.133,0.0181,0.0137,14.4,.,515,112,.,121.1,35.8,8,8.16,10.7,.,.,.,1.5,0.6,1.6,.,.,.,.,.,.,.
2011-0417,I1 into I3,9-Aug-11,10:55,0.01,.,774,.,LTER-LW,ST,7.2,34.8,6.73,313,.,.,.,.,363,0.208,0.023,0.174,13.6,.,2010,214,.,132.6,38.7,7.7,6.49,14.4,.,.,.,1.1,1.2,1.6,.,.,.,.,.,.,.
2011-0418,I2 into I3,9-Aug-11,11:16,0.01,.,774,.,LTER-LW,ST,8,32.4,6.65,303,.,.,.,.,490,0.083,0.059,0.0342,15.8,.,1142,97.9,.,120.1,45.6,6.5,4.76,23.4,.,.,.,0.5,0.6,0.8,.,.,.,.,.,.,11
2011-0419,I3 Outlet,9-Aug-11,11:54,0.01,.,774,.,LTER-LW,ST,9.7,32.9,7.14,263,.,.,.,.,575,0.21,0.0191,0.0222,22.3,.,589,95.4,.,114.5,37.5,7.5,6.86,13.2,.,.,.,1,0.6,1.2,.,.,.,.,.,.,27.5
2011-0420,I4 Outlet,9-Aug-11,12:33,0.01,.,770,.,LTER-LW,ST,6.1,28.5,6.27,204,.,.,.,.,452,0.364,0.0982,0.0317,16.7,.,1339,127,.,84.3,28.4,6,7.49,8.7,.,.,.,2.6,1.7,3.2,.,.,.,.,.,.,25
2011-0421,I4 into I5,9-Aug-11,13:14,0.01,.,770,.,LTER-LW,ST,10.1,29,6.51,258,.,.,.,.,465,0.152,0.13,0.0191,15.7,.,.,.,.,103.5,33.3,6.3,6.56,15.8,.,.,.,1.4,2.5,2.5,.,.,.,.,.,.,.
2011-0422,I5 Outlet,9-Aug-11,13:52,0.01,.,767,.,LTER-LW,ST,13.3,25.5,7.24,221,.,.,.,.,469,0.056,0.023,0.107,17.3,.,324,29.5,.,98.7,30.9,6.6,7.2,12.7,.,.,.,1,0.4,1.1,.,.,.,.,.,.,8
2011-0423,I6 Headwater Lake Inlet,9-Aug-11,14:37,0.01,.,808,.,LTER-LW,ST,7.1,135.5,6.96,1341,.,.,.,.,431,0.149,0.0283,0.184,13,.,300,10.3,.,604.9,100.8,14.9,0.427,46,.,.,.,0.2,0.1,0.3,.,.,.,.,.,.,.
2011-0424,I6 Headwater Lake Outlet,9-Aug-11,15:09,0.01,.,808,.,LTER-LW,ST,13.6,102.8,7.39,1012,.,.,.,.,359,0.125,0.0174,0.00591,13.9,.,198,32.9,.,238.3,36.9,6.1,3.39,18.1,.,.,.,0.6,0.2,0.6,.,.,.,.,.,.,.
2011-0425,I5 into I6,10-Aug-11,11:00,0.01,.,754,.,LTER-LW,ST,8.3,34.6,6.82,312,.,.,.,.,409,0.152,0.0266,0.0128,13.2,.,258,11.1,.,155.6,44.6,8.5,7.35,23.9,.,.,.,0.3,0.2,0.4,.,.,.,.,.,.,45
2011-0427,I6 Outlet,10-Aug-11,11:50,0.01,.,754,.,LTER-LW,ST,12.7,42.8,7.18,400,.,.,.,.,429,0.079,0.0129,0.0443,14.8,.,242,30.2,.,216.8,46.5,9.2,8.48,19.5,.,.,.,1.1,0.5,1.3,.,.,.,.,.,.,60
2011-0428,I7 Outlet,10-Aug-11,12:15,0.01,.,742,.,LTER-LW,ST,11.9,48.2,7.25,457,.,.,.,.,416,0.158,0.0724,0.0181,13.6,.,249,43.1,.,239.8,49.1,9.8,8.35,20.8,.,.,.,1.3,0.5,1.4,.,.,.,.,.,.,20
2011-0429,I8 Inlet,10-Aug-11,13:24,0.01,.,744,.,LTER-LW,ST,9,172.7,8.08,1634,.,.,.,.,322,0.13,0.0247,2.99,13,.,149,30.4,.,875.1,190.4,30,5.38,35.1,.,.,.,0.5,0.2,0.6,.,.,.,.,.,.,18
2011-0430,I8 Outlet,10-Aug-11,15:07,0.01,.,744,.,LTER-LW,ST,12.8,101.4,7.92,914,.,.,.,.,321,0.167,0.0135,0.0569,13.9,.,375,82.5,.,510.8,106.2,20.4,5.55,20.2,.,.,.,2,0.5,2,.,.,.,.,.,.,34.5
2011-0431,I Swamp Inlet,10-Aug-11,14:07,0.01,.,736,.,LTER-LW,ST,9.5,92.3,7.12,908,.,.,.,.,325,0.199,0.0169,0.652,11.9,.,173,9.25,.,474.2,80.1,17.7,6.83,26.2,.,.,.,0.5,0.4,0.6,.,.,.,.,.,.,.
2011-0432,I Swamp Outlet,10-Aug-11,14:35,0.01,.,736,.,LTER-LW,ST,12.1,75.1,7.29,706,.,.,.,.,371,0.147,0.0152,0.0166,11.3,.,187,86.3,.,378.7,68.3,30.3,7.27,24.8,.,.,.,0.6,0.3,0.7,.,.,.,.,.,.,.
2011-0433,I7 into I9,10-Aug-11,15:47,0.01,.,728,.,LTER-LW,ST,11.5,81.8,7.15,789,.,.,.,.,370,0.306,0.0203,0.233,12.9,.,480,45.6,.,406.1,70.7,27.9,6.17,31,.,.,.,0.5,0.3,0.6,.,.,.,.,.,.,26.5
2011-0434,I8 into I9,10-Aug-11,16:02,0.01,.,728,.,LTER-LW,ST,13.3,103.4,7.77,928,.,.,.,.,289,0.111,0.0142,1.88,13.7,.,199,51.3,.,512.9,106.6,20.7,5.82,17.3,.,.,.,1.1,0.6,1.2,.,.,.,.,.,.,18
2011-0435,Milkyway Lower,10-Aug-11,17:29,0.01,.,725,.,LTER-LW,ST,7.7,196.6,8.14,1969,.,.,.,.,295,0.15,0.0247,11.1,18,.,210,39.3,.,1041,144.2,34.2,4.91,58.4,.,.,.,.,.,.,.,.,.,.,.,.,.
2011-0436,Milkyway Upper,10-Aug-11,16:58,0.01,.,739,.,LTER-LW,ST,8.9,87.6,7.59,805,.,.,.,.,337,0.488,0.0361,3.89,15.5,.,436,26.6,.,379.8,89.2,28,1.73,51.8,.,.,.,0.2,0.2,0.3,.,.,.,.,.,.,.
2011-0437,Toolik Inlet,10-Aug-11,18:11,0.01,.,719,.,LTER-LW,ST,12,116.2,7.61,1079,.,.,.,.,262,0.12,0.0208,3.91,11.6,.,149,18.8,0.1,515.1,99.5,22.9,5.59,21.3,.,.,.,0.9,0.1,0.9,.,.,.,.,.,.,43.3
2011-0538,Toolik Inlet,14-Jun-11,14:20,0.01,.,719,.,LTER-LW,ST,8.1,69,7.56,633,.,.,.,.,322,0.331,0.0121,1.92,11.2,.,131,12.8,0,301.4,59.7,16.8,6.39,14.4,.,.,.,0.3,0.2,0.4,.,.,.,.,.,.,44.5
2011-0553,Toolik Inlet,24-Jun-11,10:20,0.01,.,719,.,LTER-LW,ST,12.1,82.4,7.67,736,.,.,.,.,288,0.222,0.0223,2.84,12.7,.,153,39.1,0.1,350.5,67.4,16.9,6.24,11.8,.,.,.,0.7,0.3,0.8,.,.,.,.,.,.,43.9
2011-0555,TW Weir,24-Jun-11,11:38,0.01,.,761,.,LTER-LW,ST,4.1,9.4,4.38,9,.,.,.,.,971,0.355,0.0387,0.0764,25,.,191,25.7,0.1,22.7,13.5,4.7,0.399,45.9,.,.,.,.,.,.,.,.,.,.,.,.,16.5
2011-0557,Toolik Outlet,24-Jun-11,11:57,0.01,.,719,.,LTER-LW,ST,12.8,81.9,6.5,696,.,.,.,.,392,0.24,0.0347,0.0717,12.7,.,325,47.5,0.1,335.4,69.3,14,7.58,27.3,.,.,.,2.3,0.7,2.4,.,.,.,.,.,.,.
2011-0637,Toolik Inlet,30-Jun-11,4:50,0.01,.,719,Toolik Inlet RE 01,LTER-LW,ST,.,.,.,795,.,.,.,.,289,.,0.0327,3.4,11.7,.,210,11.8,0.1,377.2,73.3,19.3,6,12.7,.,.,.,.,.,.,.,.,.,.,.,.,.
2011-0638,I8 Inlet,1-Jul-11,10:15,0.01,.,744,.,LTER-LW,ST,8.2,142.1,7.94,1327,.,.,.,.,295,0.199,0.055,4.65,14.4,.,285,106,.,633.1,135.9,23.1,4.1,9.5,.,.,.,0,2.7,1.4,.,.,.,.,.,.,14
2011-0639,I8 Outlet,1-Jul-11,11:05,0.01,.,744,.,LTER-LW,ST,14,63.1,7.48,554,.,.,.,.,336,0.116,0.0235,0.0562,11.8,.,.,.,.,271.6,55.5,11.9,6.26,7.7,.,.,.,2.3,1.5,2.8,.,.,.,.,.,.,33
2011-0640,Toolik Outlet,1-Jul-11,11:51,0.01,.,719,.,LTER-LW,ST,11.4,79.7,7.93,697,.,.,.,.,388,0.158,0.0179,0.1,12.6,.,456,66,0.2,343.7,70.9,14.3,7.55,25.4,.,.,.,0.1,3.3,1.7,.,.,.,.,.,.,.
2011-0652,Toolik Inlet,5-Jul-11,9:30,0.01,.,719,.,LTER-LW,ST,10.8,91.1,7.37,823,.,.,.,.,279,0.227,0.0233,3.4,11.6,.,150,27,0.1,396.1,76.3,19.9,6.29,15.1,.,.,.,0.7,0.4,0.8,.,.,.,.,.,.,43.3
2011-0657,I8 Inlet,8-Jul-11,10:00,0.01,.,744,.,LTER-LW,ST,12.3,152.2,7.81,1412,.,.,.,.,293,0.171,0.0366,4.8,15,.,203,56.1,.,668.9,142.7,24.2,4.32,14.9,.,.,.,0.8,0.4,0.9,.,.,.,.,.,.,15.5
2011-0658,I8 Outlet,8-Jul-11,11:00,0.01,.,744,.,LTER-LW,ST,15.4,69.6,7.62,590,.,.,.,.,341,0.235,0.0159,0.0486,12.2,.,360,43.6,.,119.8,22.4,5.2,2.59,1.4,.,.,.,1,0.4,1.1,.,.,.,.,.,.,34
2011-0659,Toolik Outlet,8-Jul-11,11:16,0.01,.,719,.,LTER-LW,LA,14.1,79,7.21,682,.,.,.,.,389,0.119,0.0317,0.0572,11.4,.,266,33.9,0.1,345.4,71.5,14.2,7.49,24.2,.,.,.,0.8,0.4,1,.,.,.,.,.,.,.
2011-0774,Toolik Inlet,15-Jul-11,9:30,0.01,.,719,.,LTER-LW,ST,11.5,95.6,7.45,844,.,.,.,.,271,0.21,0.0272,3.7,14.4,.,179,18.6,0.1,404.1,78.6,21.8,5.82,17.1,.,.,.,0.7,0.4,0.8,.,.,.,.,.,.,45.1
2011-0776,TW Weir,15-Jul-11,10:30,0.01,.,761,.,LTER-LW,ST,4.5,9.5,5.17,5,.,.,.,.,870,0.298,0.0339,0.0104,22.3,.,68,8.57,0,50.2,17.8,2,0.284,48,.,.,.,.,.,.,.,.,.,.,.,.,19.5
2011-0778,Toolik Outlet,15-Jul-11,11:17,0.01,.,719,.,LTER-LW,LA,14.7,79.6,6.14,689,.,.,.,.,376,0.246,0.0288,0.0513,12.4,.,350,77.3,0.1,370.4,30.9,7.5,2.76,8.1,.,.,.,1.4,0.4,1.4,.,.,.,.,.,.,.
2011-0810,Toolik Inlet,17-Jul-11,16:01,0.01,.,719,Toolik Inlet RE 02,LTER-LW,ST,.,.,.,775,.,.,.,.,280,0.257,0.0179,1.86,10.1,.,227,23.5,.,390.7,76.1,26.8,6.16,14,.,.,.,.,.,.,.,.,.,.,.,.,.
2011-0813,I8 Inlet,22-Jul-11,9:49,0.01,.,744,.,LTER-LW,ST,9.9,127,8.12,1157,.,.,.,.,393,0.226,0.0871,0.309,12.5,.,198,40.2,.,552.2,121.1,21.1,3.45,20.7,.,.,.,0.8,0.4,0.9,.,.,.,.,.,.,21
2011-0814,I8 Outlet,22-Jul-11,10:38,0.01,.,744,.,LTER-LW,ST,14.5,84.6,7.77,737,.,.,.,.,329,0.11,0.0229,0.0797,10.3,.,339,56.1,.,360.8,73.8,16.5,5.52,11.8,.,.,.,1.7,0.5,1.8,.,.,.,.,.,.,39.5
2011-0815,Toolik Outlet,22-Jul-11,11:01,0.01,.,719,.,LTER-LW,ST,14.4,80.3,7.9,694,.,.,.,.,373,0.178,0.0217,0.035,11.9,.,267,43.1,0.1,345.9,70.8,14.6,7.47,22.5,.,.,.,1.1,0.3,1.1,.,.,.,.,.,.,.
2011-0818,I8 Inlet,29-Jul-11,10:05,0.01,.,744,.,LTER-LW,ST,11.6,156.9,8.03,1489,.,.,.,.,332,0.147,0.0269,1.61,12.2,.,432,38.1,.,682.1,146.6,25.8,4.49,17.9,.,.,.,0.8,0.5,1,.,.,.,.,.,.,17
2011-0819,I8 Outlet,29-Jul-11,10:50,0.01,.,744,.,LTER-LW,ST,15.3,91.3,7.93,819,.,.,.,.,324,0.204,0.0293,0.0397,11.1,.,346,41.5,.,390.8,81.1,17.4,5.17,12.9,.,.,.,1.7,0.4,1.7,.,.,.,.,.,.,35
2011-0820,Toolik Outlet,29-Jul-11,10:55,0.01,.,719,.,LTER-LW,ST,15.1,80.7,7.55,728,.,.,.,.,373,0.174,0.047,0.0432,10.1,.,340,65.4,0.1,349.8,71.2,14.8,7.38,22.5,.,.,.,0.9,0.4,1,.,.,.,.,.,.,.
2011-0949,I8 Inlet,5-Aug-11,9:55,0.01,.,744,.,LTER-LW,ST,9.8,156.7,7.99,1490,.,.,.,.,.,0.326,0.0354,1.66,14.3,.,195,33.1,.,686.3,149.5,25.6,4.43,26.4,.,.,.,0.7,0.4,0.8,.,.,.,.,.,.,19
2011-0950,I8 Outlet,5-Aug-11,10:40,0.01,.,744,.,LTER-LW,ST,13.8,97.4,7.97,880,.,.,.,.,323,0.283,0.0339,0.0396,10.4,.,383,40.2,.,416.5,87.2,17.9,4.88,14.7,.,.,.,1.4,0.8,1.6,.,.,.,.,.,.,36
2011-0951,Toolik Outlet,5-Aug-11,10:46,0.01,.,719,.,LTER-LW,ST,14.2,82.4,7.87,733,.,.,.,.,376,0.189,0.0363,0.00398,12.9,.,319,43.1,0.1,355.7,72.2,14.8,7.35,22.7,.,.,.,1,0.3,1.1,.,.,.,.,.,.,.
2011-0952,Toolik Inlet,30-Jul-11,20:43,0.01,.,719,Toolik Inlet RE 03,LTER-LW,ST,.,.,.,963,.,.,.,.,277,0.626,0.0305,2.52,11.3,.,277,54.8,0.2,450.6,89,20.7,5.97,19.6,.,.,.,.,.,.,.,.,.,.,.,.,.
2011-0953,Toolik Inlet,1-Aug-11,20:43,0.01,.,719,Toolik Inlet RE 04,LTER-LW,ST,.,.,.,941,.,.,.,.,284,0.431,0.0664,2.41,12,.,273,36.2,0.1,439.1,86,19.8,5.94,18.9,.,.,.,.,.,.,.,.,.,.,.,.,.
2011-0968,Toolik Outlet,12-Aug-11,11:16,0.01,.,719,.,LTER-LW,ST,12.3,83.2,7.59,723,.,.,.,.,357,0.141,0.019,0.0314,11.6,.,292,33.8,0.1,353.9,72.8,15.1,7.37,22.5,.,.,.,1.1,0.4,1.2,.,.,.,.,.,.,.
2011-0969,Toolik Inlet,12-Aug-11,9:50,0.01,.,719,.,LTER-LW,ST,10.4,117.1,7.5,1075,.,.,.,.,266,0.126,0.0315,4.3,12.6,.,139,9.51,0.1,508.6,99.4,22.8,5.58,20.2,.,.,.,0.6,0.3,0.7,.,.,.,.,.,.,42.7
2011-1001,TW Weir,16-Aug-11,17:55,0.01,.,761,.,LTER-LW,ST,3.9,14.3,5.61,22,.,.,.,.,836,.,.,0.314,23.8,.,.,.,0.5,55.2,31.9,12.6,0.831,111.7,.,.,.,.,.,.,.,.,.,.,.,.,.
2011-6001,Toolik Inlet,1-Jun-11,16:40,0.01,.,719,.,LTER-LW,ST,5.5,45.5,5.27,397,.,.,.,.,485,0.296,0.0366,2.03,13.6,.,280,39.6,0.1,196.9,41.5,8.2,8.07,22.1,.,.,.,0.5,0.2,0.5,.,.,.,.,.,.,54.9
2011-6002,TW Weir,1-Jun-11,15:45,0.01,.,761,.,LTER-LW,ST,2.8,10.2,3.94,12,.,.,.,.,1254,1.29,0.0477,0.0364,27.9,.,576,51.1,0.2,21.8,12.8,5.8,4.29,19.2,.,.,.,.,.,.,.,.,.,.,.,.,.
2011-6030,Toolik Inlet,8-Jun-11,14:48,0.01,.,719,.,LTER-LW,ST,9.8,58,7.5,513,.,.,.,.,388,0.092,0.0317,1.39,11.5,.,145,26.2,0.1,252.8,50.7,10.7,6.88,18.2,.,.,.,0.4,0.2,0.5,.,.,.,.,.,.,47.5
2011-6036,Toolik Inlet,11-Jun-11,10:16,0.01,.,719,.,LTER-LW,ST,8.5,63.8,6.74,557,.,.,.,.,369,0.377,0.023,1.65,10,.,95,13.2,0,273.2,54.7,20.4,6.64,16.5,.,.,.,0.1,0.4,0.3,.,.,.,.,.,.,45.1